Source_College,Source_State,Source_Quota,Source_Category,Source_PwD,Source_ClosingRank,Sug1_Name,Sug1_Score,Sug2_Name,Sug2_Score,Sug3_Name,Sug3_Score,CHOSEN
C0003,,AIQ,OBC,N,,"AIIMS, Madurai, AIIMS MADURAI, Tamil Nadu, 625008 | TN | All India Quota (AIQ)",34,"AIIMS-Bhopal,, SAKET NAGAR BHOPAL, Madhya Pradesh, 462020 | MP | All India Quota (AIQ)",33,"AIIMS-Bhopal,, SAKET NAGAR BHOPAL, Madhya Pradesh, 462020 | MP | All India Quota (AIQ)",33,1
C0003,,AIQ,General,N,,"Osmania Medical College Koti , HYDERABAD, Telangana, 500095 | Telangana | All India Quota (AIQ)",33,"Osmania Medical College Koti , HYDERABAD, Telangana, 500095 | Telangana | All India Quota (AIQ)",33,"Osmania Medical College Koti , HYDERABAD, Telangana, 500095 | Telangana | All India Quota (AIQ)",33,1
C0003,,AIQ,OBC,N,,"AIIMS, Madurai, AIIMS MADURAI, Tamil Nadu, 625008 | TN | All India Quota (AIQ)",34,"AIIMS-Bhopal,, SAKET NAGAR BHOPAL, Madhya Pradesh, 462020 | MP | All India Quota (AIQ)",33,"AIIMS-Bhopal,, SAKET NAGAR BHOPAL, Madhya Pradesh, 462020 | MP | All India Quota (AIQ)",33,2
C0003,,AIQ,EWS,N,,"AIIMS, Madurai, AIIMS MADURAI, Tamil Nadu, 625008 | TN | All India Quota (AIQ)",36,"AIIMS-Bhopal,, SAKET NAGAR BHOPAL, Madhya Pradesh, 462020 | MP | All India Quota (AIQ)",33,"AIIMS, Patna, Phulwarisharif, Patna, Bihar-801507, Bihar, 801507 | Bihar | All India Quota (AIQ)",33,2
C0003,,AIQ,General,N,,"Osmania Medical College Koti , HYDERABAD, Telangana, 500095 | Telangana | All India Quota (AIQ)",33,"Osmania Medical College Koti , HYDERABAD, Telangana, 500095 | Telangana | All India Quota (AIQ)",33,"Osmania Medical College Koti , HYDERABAD, Telangana, 500095 | Telangana | All India Quota (AIQ)",33,2
C0003,,AIQ,SC,N,,"AIIMS, Madurai, AIIMS MADURAI, Tamil Nadu, 625008 | TN | All India Quota (AIQ)",34,"AIIMS, Madurai, AIIMS MADURAI, Tamil Nadu, 625008 | TN | All India Quota (AIQ)",34,"AIIMS, Madurai, AIIMS MADURAI, Tamil Nadu, 625008 | TN | All India Quota (AIQ)",33,1
C0003,,AIQ,ST,N,,"AIIMS, Madurai, AIIMS MADURAI, Tamil Nadu, 625008 | TN | All India Quota (AIQ)",34,"AIIMS, Madurai, AIIMS MADURAI, Tamil Nadu, 625008 | TN | All India Quota (AIQ)",34,"AIIMS, Madurai, AIIMS MADURAI, Tamil Nadu, 625008 | TN | All India Quota (AIQ)",34,1
C0003,,Central,OBC,N,,"KGMC, LUCKNOW, SHAHMINA ROAD, CHOWK, LUCKNOW, Uttar Pradesh, 226003 | UP | All India Quota (AIQ)",32,"KGMC, LUCKNOW, SHAHMINA ROAD, CHOWK, LUCKNOW, Uttar Pradesh, 226003 | UP | All India Quota (AIQ)",32,"AIIMS, Madurai, AIIMS MADURAI, Tamil Nadu, 625008 | TN | All India Quota (AIQ)",31,1
C0003,,Central,EWS,N,,"MEDICAL COLLEGE, KOLKATA, 88, College Street, Kolkata-700073, West Bengal, 700073 | WB | All India Quota (AIQ)",31,"MEDICAL COLLEGE, KOLKATA, 88, College Street, Kolkata-700073, West Bengal, 700073 | WB | All India Quota (AIQ)",31,"MEDICAL COLLEGE, KOLKATA, 88, College Street, Kolkata-700073, West Bengal, 700073 | WB | All India Quota (AIQ)",31,3
C0003,,Central,General,N,,"Osmania Medical College Koti , HYDERABAD, Telangana, 500095 | Telangana | All India Quota (AIQ)",34,"Osmania Medical College Koti , HYDERABAD, Telangana, 500095 | Telangana | All India Quota (AIQ)",34,"Osmania Medical College Koti , HYDERABAD, Telangana, 500095 | Telangana | All India Quota (AIQ)",34,1
C0003,,Central,SC,N,,"AIIMS, Madurai, AIIMS MADURAI, Tamil Nadu, 625008 | TN | All India Quota (AIQ)",33,"KGMC, LUCKNOW, SHAHMINA ROAD, CHOWK, LUCKNOW, Uttar Pradesh, 226003 | UP | All India Quota (AIQ)",32,"KGMC, LUCKNOW, SHAHMINA ROAD, CHOWK, LUCKNOW, Uttar Pradesh, 226003 | UP | All India Quota (AIQ)",32,2
C0003,,Central,ST,N,,"AIIMS, Madurai, AIIMS MADURAI, Tamil Nadu, 625008 | TN | All India Quota (AIQ)",33,"AIIMS, Madurai, AIIMS MADURAI, Tamil Nadu, 625008 | TN | All India Quota (AIQ)",33,"AIIMS, Madurai, AIIMS MADURAI, Tamil Nadu, 625008 | TN | All India Quota (AIQ)",33,1
C0004,,Central,OBC,N,,"PATNA MEDICAL COLLEGE, PATNA, ASHOK RAJPATH, PATNA, Bihar, 800004 | Bihar | All India Quota (AIQ)",31,"PATNA MEDICAL COLLEGE, PATNA, ASHOK RAJPATH, PATNA, Bihar, 800004 | Bihar | All India Quota (AIQ)",31,"AIIMS, Madurai, AIIMS MADURAI, Tamil Nadu, 625008 | TN | All India Quota (AIQ)",31,2
C0004,,Central,EWS,N,,"PATNA MEDICAL COLLEGE, PATNA, ASHOK RAJPATH, PATNA, Bihar, 800004 | Bihar | All India Quota (AIQ)",31,"PATNA MEDICAL COLLEGE, PATNA, ASHOK RAJPATH, PATNA, Bihar, 800004 | Bihar | All India Quota (AIQ)",31,"PATNA MEDICAL COLLEGE, PATNA, ASHOK RAJPATH, PATNA, Bihar, 800004 | Bihar | All India Quota (AIQ)",31,2
C0004,,Central,General,N,,"Osmania Medical College Koti , HYDERABAD, Telangana, 500095 | Telangana | All India Quota (AIQ)",34,"Osmania Medical College Koti , HYDERABAD, Telangana, 500095 | Telangana | All India Quota (AIQ)",34,"Osmania Medical College Koti , HYDERABAD, Telangana, 500095 | Telangana | All India Quota (AIQ)",34,2
C0004,,Central,SC,N,,"AIIMS, Madurai, AIIMS MADURAI, Tamil Nadu, 625008 | TN | All India Quota (AIQ)",33,"PATNA MEDICAL COLLEGE, PATNA, ASHOK RAJPATH, PATNA, Bihar, 800004 | Bihar | All India Quota (AIQ)",33,"PATNA MEDICAL COLLEGE, PATNA, ASHOK RAJPATH, PATNA, Bihar, 800004 | Bihar | All India Quota (AIQ)",33,2
C0004,,Central,ST,N,,"AIIMS, Madurai, AIIMS MADURAI, Tamil Nadu, 625008 | TN | All India Quota (AIQ)",33,"AIIMS, Madurai, AIIMS MADURAI, Tamil Nadu, 625008 | TN | All India Quota (AIQ)",33,"AIIMS, Madurai, AIIMS MADURAI, Tamil Nadu, 625008 | TN | All India Quota (AIQ)",33,2
C0004,,Central,OBC,N,,"PATNA MEDICAL COLLEGE, PATNA, ASHOK RAJPATH, PATNA, Bihar, 800004 | Bihar | All India Quota (AIQ)",31,"PATNA MEDICAL COLLEGE, PATNA, ASHOK RAJPATH, PATNA, Bihar, 800004 | Bihar | All India Quota (AIQ)",31,"AIIMS, Madurai, AIIMS MADURAI, Tamil Nadu, 625008 | TN | All India Quota (AIQ)",31,2
C0004,,Central,General,N,,"Osmania Medical College Koti , HYDERABAD, Telangana, 500095 | Telangana | All India Quota (AIQ)",34,"Osmania Medical College Koti , HYDERABAD, Telangana, 500095 | Telangana | All India Quota (AIQ)",34,"Osmania Medical College Koti , HYDERABAD, Telangana, 500095 | Telangana | All India Quota (AIQ)",34,2
C0004,,Central,SC,N,,"AIIMS, Madurai, AIIMS MADURAI, Tamil Nadu, 625008 | TN | All India Quota (AIQ)",33,"PATNA MEDICAL COLLEGE, PATNA, ASHOK RAJPATH, PATNA, Bihar, 800004 | Bihar | All India Quota (AIQ)",33,"PATNA MEDICAL COLLEGE, PATNA, ASHOK RAJPATH, PATNA, Bihar, 800004 | Bihar | All India Quota (AIQ)",33,2
C0004,,Central,SC,Y,,"AIIMS, Madurai, AIIMS MADURAI, Tamil Nadu, 625008 | TN | All India Quota (AIQ)",33,"PATNA MEDICAL COLLEGE, PATNA, ASHOK RAJPATH, PATNA, Bihar, 800004 | Bihar | All India Quota (AIQ)",33,"PATNA MEDICAL COLLEGE, PATNA, ASHOK RAJPATH, PATNA, Bihar, 800004 | Bihar | All India Quota (AIQ)",33,2
C0004,,Central,ST,N,,"AIIMS, Madurai, AIIMS MADURAI, Tamil Nadu, 625008 | TN | All India Quota (AIQ)",33,"AIIMS, Madurai, AIIMS MADURAI, Tamil Nadu, 625008 | TN | All India Quota (AIQ)",33,"AIIMS, Madurai, AIIMS MADURAI, Tamil Nadu, 625008 | TN | All India Quota (AIQ)",33,2
C0005,,Central,OBC,N,,"Osmania Medical College Koti , HYDERABAD, Telangana, 500095 | Telangana | All India Quota (AIQ)",31,"Osmania Medical College Koti , HYDERABAD, Telangana, 500095 | Telangana | All India Quota (AIQ)",31,"Osmania Medical College Koti , HYDERABAD, Telangana, 500095 | Telangana | All India Quota (AIQ)",31,2
C0005,,Central,EWS,N,,"University College of Medical Sciences, New Delhi, Dilshad Garden, Delhi (NCT), 110095 | Delhi | Central Institutions (Central)",32,"University College of Medical Sciences, New Delhi, Dilshad Garden, Delhi (NCT), 110095 | Delhi | Central Institutions (Central)",32,"University College of Medical Sciences, New Delhi, Dilshad Garden, Delhi (NCT), 110095 | Delhi | Central Institutions (Central)",32,2
C0005,,Central,General,N,,"Osmania Medical College Koti , HYDERABAD, Telangana, 500095 | Telangana | All India Quota (AIQ)",35,"Osmania Medical College Koti , HYDERABAD, Telangana, 500095 | Telangana | All India Quota (AIQ)",35,"Osmania Medical College Koti , HYDERABAD, Telangana, 500095 | Telangana | All India Quota (AIQ)",35,2
C0005,,Central,SC,N,,"Osmania Medical College Koti , HYDERABAD, Telangana, 500095 | Telangana | All India Quota (AIQ)",33,"Osmania Medical College Koti , HYDERABAD, Telangana, 500095 | Telangana | All India Quota (AIQ)",33,"AIIMS, Madurai, AIIMS MADURAI, Tamil Nadu, 625008 | TN | All India Quota (AIQ)",33,2
C0005,,Central,ST,N,,"Osmania Medical College Koti , HYDERABAD, Telangana, 500095 | Telangana | All India Quota (AIQ)",33,"Osmania Medical College Koti , HYDERABAD, Telangana, 500095 | Telangana | All India Quota (AIQ)",33,"Osmania Medical College Koti , HYDERABAD, Telangana, 500095 | Telangana | All India Quota (AIQ)",33,2
C0006,,Central,OBC,N,,"AIIMS, Madurai, AIIMS MADURAI, Tamil Nadu, 625008 | TN | All India Quota (AIQ)",31,"AIIMS, Madurai, AIIMS MADURAI, Tamil Nadu, 625008 | TN | All India Quota (AIQ)",31,"Gmc, Bahraich, K.D.C Road Bahraich-271801, Uttar Pradesh, 271801 | UP | All India Quota (AIQ)",30,2
C0006,,Central,EWS,N,,"AIIMS, Madurai, AIIMS MADURAI, Tamil Nadu, 625008 | TN | All India Quota (AIQ)",31,"AIIMS, Madurai, AIIMS MADURAI, Tamil Nadu, 625008 | TN | All India Quota (AIQ)",31,"AIIMS, Madurai, AIIMS MADURAI, Tamil Nadu, 625008 | TN | All India Quota (AIQ)",31,2
C0006,,Central,General,N,,"Osmania Medical College Koti , HYDERABAD, Telangana, 500095 | Telangana | All India Quota (AIQ)",34,"Osmania Medical College Koti , HYDERABAD, Telangana, 500095 | Telangana | All India Quota (AIQ)",34,"Osmania Medical College Koti , HYDERABAD, Telangana, 500095 | Telangana | All India Quota (AIQ)",34,2
C0006,,Central,SC,N,,"AIIMS, Madurai, AIIMS MADURAI, Tamil Nadu, 625008 | TN | All India Quota (AIQ)",33,"Osmania Medical College Koti , HYDERABAD, Telangana, 500095 | Telangana | All India Quota (AIQ)",32,"Osmania Medical College Koti , HYDERABAD, Telangana, 500095 | Telangana | All India Quota (AIQ)",32,2
C0006,,Central,ST,N,,"AIIMS, Madurai, AIIMS MADURAI, Tamil Nadu, 625008 | TN | All India Quota (AIQ)",33,"AIIMS, Madurai, AIIMS MADURAI, Tamil Nadu, 625008 | TN | All India Quota (AIQ)",33,"AIIMS, Madurai, AIIMS MADURAI, Tamil Nadu, 625008 | TN | All India Quota (AIQ)",33,2
C0007,,Central,OBC,N,,"AIIMS, Madurai, AIIMS MADURAI, Tamil Nadu, 625008 | TN | All India Quota (AIQ)",31,"AIIMS, Madurai, AIIMS MADURAI, Tamil Nadu, 625008 | TN | All India Quota (AIQ)",31,"Gmc, Bahraich, K.D.C Road Bahraich-271801, Uttar Pradesh, 271801 | UP | All India Quota (AIQ)",30,2
C0007,,Central,EWS,N,,"AIIMS, Patna, Phulwarisharif, Patna, Bihar-801507, Bihar, 801507 | Bihar | All India Quota (AIQ)",32,"MEDICAL COLLEGE, KOLKATA, 88, College Street, Kolkata-700073, West Bengal, 700073 | WB | All India Quota (AIQ)",31,"MEDICAL COLLEGE, KOLKATA, 88, College Street, Kolkata-700073, West Bengal, 700073 | WB | All India Quota (AIQ)",31,2
C0007,,Central,General,N,,"Osmania Medical College Koti , HYDERABAD, Telangana, 500095 | Telangana | All India Quota (AIQ)",34,"Osmania Medical College Koti , HYDERABAD, Telangana, 500095 | Telangana | All India Quota (AIQ)",34,"Osmania Medical College Koti , HYDERABAD, Telangana, 500095 | Telangana | All India Quota (AIQ)",34,2
C0007,,Central,SC,N,,"AIIMS, Madurai, AIIMS MADURAI, Tamil Nadu, 625008 | TN | All India Quota (AIQ)",33,"AIIMS, Patna, Phulwarisharif, Patna, Bihar-801507, Bihar, 801507 | Bihar | All India Quota (AIQ)",32,"AIIMS, Patna, Phulwarisharif, Patna, Bihar-801507, Bihar, 801507 | Bihar | All India Quota (AIQ)",32,2
C0007,,Central,ST,N,,"AIIMS, Madurai, AIIMS MADURAI, Tamil Nadu, 625008 | TN | All India Quota (AIQ)",33,"AIIMS, Madurai, AIIMS MADURAI, Tamil Nadu, 625008 | TN | All India Quota (AIQ)",33,"AIIMS, Madurai, AIIMS MADURAI, Tamil Nadu, 625008 | TN | All India Quota (AIQ)",33,2
C0008,,AIQ,General,N,,"AIIMS, Madurai, AIIMS MADURAI, Tamil Nadu, 625008 | TN | All India Quota (AIQ)",35,"AIIMS, Madurai, AIIMS MADURAI, Tamil Nadu, 625008 | TN | All India Quota (AIQ)",35,"AIIMS, Madurai, AIIMS MADURAI, Tamil Nadu, 625008 | TN | All India Quota (AIQ)",35,2
C0010,,AIQ,General,N,,"Osmania Medical College Koti , HYDERABAD, Telangana, 500095 | Telangana | All India Quota (AIQ)",33,"Osmania Medical College Koti , HYDERABAD, Telangana, 500095 | Telangana | All India Quota (AIQ)",33,"Osmania Medical College Koti , HYDERABAD, Telangana, 500095 | Telangana | All India Quota (AIQ)",33,2
C0010,,AIQ,General,N,,"Osmania Medical College Koti , HYDERABAD, Telangana, 500095 | Telangana | All India Quota (AIQ)",33,"Osmania Medical College Koti , HYDERABAD, Telangana, 500095 | Telangana | All India Quota (AIQ)",33,"Osmania Medical College Koti , HYDERABAD, Telangana, 500095 | Telangana | All India Quota (AIQ)",33,2
C0011,,AIQ,General,N,,"AIIMS, Madurai, AIIMS MADURAI, Tamil Nadu, 625008 | TN | All India Quota (AIQ)",33,"AIIMS, Madurai, AIIMS MADURAI, Tamil Nadu, 625008 | TN | All India Quota (AIQ)",33,"AIIMS, Madurai, AIIMS MADURAI, Tamil Nadu, 625008 | TN | All India Quota (AIQ)",33,2
C0011,,AIQ,General,N,,"AIIMS, Madurai, AIIMS MADURAI, Tamil Nadu, 625008 | TN | All India Quota (AIQ)",33,"AIIMS, Madurai, AIIMS MADURAI, Tamil Nadu, 625008 | TN | All India Quota (AIQ)",33,"AIIMS, Madurai, AIIMS MADURAI, Tamil Nadu, 625008 | TN | All India Quota (AIQ)",33,2
C0012,,AIQ,General,N,,"AIIMS, Madurai, AIIMS MADURAI, Tamil Nadu, 625008 | TN | All India Quota (AIQ)",33,"AIIMS, Madurai, AIIMS MADURAI, Tamil Nadu, 625008 | TN | All India Quota (AIQ)",33,"AIIMS, Madurai, AIIMS MADURAI, Tamil Nadu, 625008 | TN | All India Quota (AIQ)",33,2
C0013,,AIQ,General,N,,"AIIMS, Madurai, AIIMS MADURAI, Tamil Nadu, 625008 | TN | All India Quota (AIQ)",33,"AIIMS, Madurai, AIIMS MADURAI, Tamil Nadu, 625008 | TN | All India Quota (AIQ)",33,"AIIMS, Madurai, AIIMS MADURAI, Tamil Nadu, 625008 | TN | All India Quota (AIQ)",33,2
C0013,,Management,General,N,,"Osmania Medical College Koti , HYDERABAD, Telangana, 500095 | Telangana | All India Quota (AIQ)",31,"Osmania Medical College Koti , HYDERABAD, Telangana, 500095 | Telangana | All India Quota (AIQ)",31,"Osmania Medical College Koti , HYDERABAD, Telangana, 500095 | Telangana | All India Quota (AIQ)",31,2
C0014,,AIQ,General,N,,"AIIMS, Madurai, AIIMS MADURAI, Tamil Nadu, 625008 | TN | All India Quota (AIQ)",33,"AIIMS, Madurai, AIIMS MADURAI, Tamil Nadu, 625008 | TN | All India Quota (AIQ)",33,"AIIMS, Madurai, AIIMS MADURAI, Tamil Nadu, 625008 | TN | All India Quota (AIQ)",33,2
C0014,,AIQ,General,N,,"AIIMS, Madurai, AIIMS MADURAI, Tamil Nadu, 625008 | TN | All India Quota (AIQ)",33,"AIIMS, Madurai, AIIMS MADURAI, Tamil Nadu, 625008 | TN | All India Quota (AIQ)",33,"AIIMS, Madurai, AIIMS MADURAI, Tamil Nadu, 625008 | TN | All India Quota (AIQ)",33,2
C0015,,AIQ,General,N,,"Osmania Medical College Koti , HYDERABAD, Telangana, 500095 | Telangana | All India Quota (AIQ)",33,"Osmania Medical College Koti , HYDERABAD, Telangana, 500095 | Telangana | All India Quota (AIQ)",33,"Osmania Medical College Koti , HYDERABAD, Telangana, 500095 | Telangana | All India Quota (AIQ)",33,2
C0015,,AIQ,General,N,,"Osmania Medical College Koti , HYDERABAD, Telangana, 500095 | Telangana | All India Quota (AIQ)",33,"Osmania Medical College Koti , HYDERABAD, Telangana, 500095 | Telangana | All India Quota (AIQ)",33,"Osmania Medical College Koti , HYDERABAD, Telangana, 500095 | Telangana | All India Quota (AIQ)",33,2
C0016,,AIQ,General,N,,"GMC Jangaon, gmc.jangaon@gmail.com, Telangana, 506167 | Telangana | All India Quota (AIQ)",35,"GMC Jangaon, gmc.jangaon@gmail.com, Telangana, 506167 | Telangana | All India Quota (AIQ)",35,"GMC Jangaon, gmc.jangaon@gmail.com, Telangana, 506167 | Telangana | All India Quota (AIQ)",35,2
C0016,,AIQ,General,N,,"GMC Jangaon, gmc.jangaon@gmail.com, Telangana, 506167 | Telangana | All India Quota (AIQ)",35,"GMC Jangaon, gmc.jangaon@gmail.com, Telangana, 506167 | Telangana | All India Quota (AIQ)",35,"GMC Jangaon, gmc.jangaon@gmail.com, Telangana, 506167 | Telangana | All India Quota (AIQ)",35,2
C0017,,AIQ,General,N,,"GMC Jangaon, gmc.jangaon@gmail.com, Telangana, 506167 | Telangana | All India Quota (AIQ)",35,"GMC Jangaon, gmc.jangaon@gmail.com, Telangana, 506167 | Telangana | All India Quota (AIQ)",35,"GMC Jangaon, gmc.jangaon@gmail.com, Telangana, 506167 | Telangana | All India Quota (AIQ)",35,2
C0017,,AIQ,General,N,,"GMC Jangaon, gmc.jangaon@gmail.com, Telangana, 506167 | Telangana | All India Quota (AIQ)",35,"GMC Jangaon, gmc.jangaon@gmail.com, Telangana, 506167 | Telangana | All India Quota (AIQ)",35,"GMC Jangaon, gmc.jangaon@gmail.com, Telangana, 506167 | Telangana | All India Quota (AIQ)",35,2
C0018,,AIQ,General,N,,"AIIMS, Madurai, AIIMS MADURAI, Tamil Nadu, 625008 | TN | All India Quota (AIQ)",35,"AIIMS, Madurai, AIIMS MADURAI, Tamil Nadu, 625008 | TN | All India Quota (AIQ)",35,"AIIMS, Madurai, AIIMS MADURAI, Tamil Nadu, 625008 | TN | All India Quota (AIQ)",35,2
C0019,,AIQ,General,N,,"Osmania Medical College Koti , HYDERABAD, Telangana, 500095 | Telangana | All India Quota (AIQ)",33,"Osmania Medical College Koti , HYDERABAD, Telangana, 500095 | Telangana | All India Quota (AIQ)",33,"Osmania Medical College Koti , HYDERABAD, Telangana, 500095 | Telangana | All India Quota (AIQ)",33,2
C0020,,AIQ,General,N,,"Osmania Medical College Koti , HYDERABAD, Telangana, 500095 | Telangana | All India Quota (AIQ)",33,"Osmania Medical College Koti , HYDERABAD, Telangana, 500095 | Telangana | All India Quota (AIQ)",33,"Osmania Medical College Koti , HYDERABAD, Telangana, 500095 | Telangana | All India Quota (AIQ)",33,2
C0020,,AIQ,General,N,,"Osmania Medical College Koti , HYDERABAD, Telangana, 500095 | Telangana | All India Quota (AIQ)",33,"Osmania Medical College Koti , HYDERABAD, Telangana, 500095 | Telangana | All India Quota (AIQ)",33,"Osmania Medical College Koti , HYDERABAD, Telangana, 500095 | Telangana | All India Quota (AIQ)",33,2
C0021,,AIQ,General,N,,"AIIMS, Madurai, AIIMS MADURAI, Tamil Nadu, 625008 | TN | All India Quota (AIQ)",33,"AIIMS, Madurai, AIIMS MADURAI, Tamil Nadu, 625008 | TN | All India Quota (AIQ)",33,"AIIMS, Madurai, AIIMS MADURAI, Tamil Nadu, 625008 | TN | All India Quota (AIQ)",33,2
C0021,,AIQ,General,N,,"AIIMS, Madurai, AIIMS MADURAI, Tamil Nadu, 625008 | TN | All India Quota (AIQ)",33,"AIIMS, Madurai, AIIMS MADURAI, Tamil Nadu, 625008 | TN | All India Quota (AIQ)",33,"AIIMS, Madurai, AIIMS MADURAI, Tamil Nadu, 625008 | TN | All India Quota (AIQ)",33,2
C0022,,AIQ,General,N,,"AIIMS, Madurai, AIIMS MADURAI, Tamil Nadu, 625008 | TN | All India Quota (AIQ)",33,"AIIMS, Madurai, AIIMS MADURAI, Tamil Nadu, 625008 | TN | All India Quota (AIQ)",33,"AIIMS, Madurai, AIIMS MADURAI, Tamil Nadu, 625008 | TN | All India Quota (AIQ)",33,2
C0023,,AIQ,General,N,,"AIIMS, Madurai, AIIMS MADURAI, Tamil Nadu, 625008 | TN | All India Quota (AIQ)",33,"AIIMS, Madurai, AIIMS MADURAI, Tamil Nadu, 625008 | TN | All India Quota (AIQ)",33,"AIIMS, Madurai, AIIMS MADURAI, Tamil Nadu, 625008 | TN | All India Quota (AIQ)",33,2
C0023,,AIQ,General,N,,"AIIMS, Madurai, AIIMS MADURAI, Tamil Nadu, 625008 | TN | All India Quota (AIQ)",33,"AIIMS, Madurai, AIIMS MADURAI, Tamil Nadu, 625008 | TN | All India Quota (AIQ)",33,"AIIMS, Madurai, AIIMS MADURAI, Tamil Nadu, 625008 | TN | All India Quota (AIQ)",33,2
C0023,,Central,General,N,,"Osmania Medical College Koti , HYDERABAD, Telangana, 500095 | Telangana | All India Quota (AIQ)",32,"Osmania Medical College Koti , HYDERABAD, Telangana, 500095 | Telangana | All India Quota (AIQ)",32,"Osmania Medical College Koti , HYDERABAD, Telangana, 500095 | Telangana | All India Quota (AIQ)",32,2
C0024,,AIQ,General,N,,"AIIMS, Madurai, AIIMS MADURAI, Tamil Nadu, 625008 | TN | All India Quota (AIQ)",33,"AIIMS, Madurai, AIIMS MADURAI, Tamil Nadu, 625008 | TN | All India Quota (AIQ)",33,"AIIMS, Madurai, AIIMS MADURAI, Tamil Nadu, 625008 | TN | All India Quota (AIQ)",33,2
C0025,,AIQ,General,N,,"Osmania Medical College Koti , HYDERABAD, Telangana, 500095 | Telangana | All India Quota (AIQ)",33,"Osmania Medical College Koti , HYDERABAD, Telangana, 500095 | Telangana | All India Quota (AIQ)",33,"Osmania Medical College Koti , HYDERABAD, Telangana, 500095 | Telangana | All India Quota (AIQ)",33,2
C0026,,AIQ,General,N,,"AIIMS, Madurai, AIIMS MADURAI, Tamil Nadu, 625008 | TN | All India Quota (AIQ)",33,"AIIMS, Madurai, AIIMS MADURAI, Tamil Nadu, 625008 | TN | All India Quota (AIQ)",33,"AIIMS, Madurai, AIIMS MADURAI, Tamil Nadu, 625008 | TN | All India Quota (AIQ)",33,2
C0027,,AIQ,General,N,,"AIIMS, Madurai, AIIMS MADURAI, Tamil Nadu, 625008 | TN | All India Quota (AIQ)",33,"AIIMS, Madurai, AIIMS MADURAI, Tamil Nadu, 625008 | TN | All India Quota (AIQ)",33,"AIIMS, Madurai, AIIMS MADURAI, Tamil Nadu, 625008 | TN | All India Quota (AIQ)",33,2
C0028,,AIQ,General,N,,"AIIMS, Madurai, AIIMS MADURAI, Tamil Nadu, 625008 | TN | All India Quota (AIQ)",35,"AIIMS, Madurai, AIIMS MADURAI, Tamil Nadu, 625008 | TN | All India Quota (AIQ)",35,"AIIMS, Madurai, AIIMS MADURAI, Tamil Nadu, 625008 | TN | All India Quota (AIQ)",35,2
C0029,,AIQ,General,N,,"Osmania Medical College Koti , HYDERABAD, Telangana, 500095 | Telangana | All India Quota (AIQ)",33,"Osmania Medical College Koti , HYDERABAD, Telangana, 500095 | Telangana | All India Quota (AIQ)",33,"Osmania Medical College Koti , HYDERABAD, Telangana, 500095 | Telangana | All India Quota (AIQ)",33,2
C0030,,AIQ,General,N,,"Osmania Medical College Koti , HYDERABAD, Telangana, 500095 | Telangana | All India Quota (AIQ)",33,"Osmania Medical College Koti , HYDERABAD, Telangana, 500095 | Telangana | All India Quota (AIQ)",33,"Osmania Medical College Koti , HYDERABAD, Telangana, 500095 | Telangana | All India Quota (AIQ)",33,2
C0031,,AIQ,General,N,,"AIIMS, Madurai, AIIMS MADURAI, Tamil Nadu, 625008 | TN | All India Quota (AIQ)",33,"AIIMS, Madurai, AIIMS MADURAI, Tamil Nadu, 625008 | TN | All India Quota (AIQ)",33,"AIIMS, Madurai, AIIMS MADURAI, Tamil Nadu, 625008 | TN | All India Quota (AIQ)",33,2
C0032,,AIQ,General,N,,"AIIMS, Madurai, AIIMS MADURAI, Tamil Nadu, 625008 | TN | All India Quota (AIQ)",33,"AIIMS, Madurai, AIIMS MADURAI, Tamil Nadu, 625008 | TN | All India Quota (AIQ)",33,"AIIMS, Madurai, AIIMS MADURAI, Tamil Nadu, 625008 | TN | All India Quota (AIQ)",33,2
C0032,,AIQ,General,N,,"AIIMS, Madurai, AIIMS MADURAI, Tamil Nadu, 625008 | TN | All India Quota (AIQ)",33,"AIIMS, Madurai, AIIMS MADURAI, Tamil Nadu, 625008 | TN | All India Quota (AIQ)",33,"AIIMS, Madurai, AIIMS MADURAI, Tamil Nadu, 625008 | TN | All India Quota (AIQ)",33,2
C0032,,Central,General,N,,"Osmania Medical College Koti , HYDERABAD, Telangana, 500095 | Telangana | All India Quota (AIQ)",32,"Osmania Medical College Koti , HYDERABAD, Telangana, 500095 | Telangana | All India Quota (AIQ)",32,"Osmania Medical College Koti , HYDERABAD, Telangana, 500095 | Telangana | All India Quota (AIQ)",32,2
C0033,,AIQ,General,N,,"AIIMS, Madurai, AIIMS MADURAI, Tamil Nadu, 625008 | TN | All India Quota (AIQ)",33,"AIIMS, Madurai, AIIMS MADURAI, Tamil Nadu, 625008 | TN | All India Quota (AIQ)",33,"AIIMS, Madurai, AIIMS MADURAI, Tamil Nadu, 625008 | TN | All India Quota (AIQ)",33,2
C0035,,Central,General,N,,"Osmania Medical College Koti , HYDERABAD, Telangana, 500095 | Telangana | All India Quota (AIQ)",34,"Osmania Medical College Koti , HYDERABAD, Telangana, 500095 | Telangana | All India Quota (AIQ)",34,"Osmania Medical College Koti , HYDERABAD, Telangana, 500095 | Telangana | All India Quota (AIQ)",34,2
C0039,,AIQ,General,N,,"Osmania Medical College Koti , HYDERABAD, Telangana, 500095 | Telangana | All India Quota (AIQ)",33,"Osmania Medical College Koti , HYDERABAD, Telangana, 500095 | Telangana | All India Quota (AIQ)",33,"Osmania Medical College Koti , HYDERABAD, Telangana, 500095 | Telangana | All India Quota (AIQ)",33,2
C0041,,AIQ,General,N,,"AIIMS, Madurai, AIIMS MADURAI, Tamil Nadu, 625008 | TN | All India Quota (AIQ)",33,"AIIMS, Madurai, AIIMS MADURAI, Tamil Nadu, 625008 | TN | All India Quota (AIQ)",33,"AIIMS, Madurai, AIIMS MADURAI, Tamil Nadu, 625008 | TN | All India Quota (AIQ)",33,2
C0041,,AIQ,General,N,,"AIIMS, Madurai, AIIMS MADURAI, Tamil Nadu, 625008 | TN | All India Quota (AIQ)",33,"AIIMS, Madurai, AIIMS MADURAI, Tamil Nadu, 625008 | TN | All India Quota (AIQ)",33,"AIIMS, Madurai, AIIMS MADURAI, Tamil Nadu, 625008 | TN | All India Quota (AIQ)",33,2
C0042,,AIQ,General,N,,"AIIMS, Madurai, AIIMS MADURAI, Tamil Nadu, 625008 | TN | All India Quota (AIQ)",33,"AIIMS, Madurai, AIIMS MADURAI, Tamil Nadu, 625008 | TN | All India Quota (AIQ)",33,"AIIMS, Madurai, AIIMS MADURAI, Tamil Nadu, 625008 | TN | All India Quota (AIQ)",33,2
C0044,,AIQ,General,N,,"AIIMS, Madurai, AIIMS MADURAI, Tamil Nadu, 625008 | TN | All India Quota (AIQ)",33,"AIIMS, Madurai, AIIMS MADURAI, Tamil Nadu, 625008 | TN | All India Quota (AIQ)",33,"AIIMS, Madurai, AIIMS MADURAI, Tamil Nadu, 625008 | TN | All India Quota (AIQ)",33,2
C0045,,AIQ,General,N,,"Osmania Medical College Koti , HYDERABAD, Telangana, 500095 | Telangana | All India Quota (AIQ)",33,"Osmania Medical College Koti , HYDERABAD, Telangana, 500095 | Telangana | All India Quota (AIQ)",33,"Osmania Medical College Koti , HYDERABAD, Telangana, 500095 | Telangana | All India Quota (AIQ)",33,2
C0046,,Central,General,N,,"GMC Jangaon, gmc.jangaon@gmail.com, Telangana, 506167 | Telangana | All India Quota (AIQ)",33,"GMC Jangaon, gmc.jangaon@gmail.com, Telangana, 506167 | Telangana | All India Quota (AIQ)",33,"GMC Jangaon, gmc.jangaon@gmail.com, Telangana, 506167 | Telangana | All India Quota (AIQ)",33,2
C0046,,AIQ,General,N,,"AIIMS, Madurai, AIIMS MADURAI, Tamil Nadu, 625008 | TN | All India Quota (AIQ)",33,"AIIMS, Madurai, AIIMS MADURAI, Tamil Nadu, 625008 | TN | All India Quota (AIQ)",33,"AIIMS, Madurai, AIIMS MADURAI, Tamil Nadu, 625008 | TN | All India Quota (AIQ)",33,2
C0047,,AIQ,General,N,,"AIIMS, Madurai, AIIMS MADURAI, Tamil Nadu, 625008 | TN | All India Quota (AIQ)",33,"AIIMS, Madurai, AIIMS MADURAI, Tamil Nadu, 625008 | TN | All India Quota (AIQ)",33,"AIIMS, Madurai, AIIMS MADURAI, Tamil Nadu, 625008 | TN | All India Quota (AIQ)",33,2
C0048,,AIQ,General,N,,"AIIMS, Madurai, AIIMS MADURAI, Tamil Nadu, 625008 | TN | All India Quota (AIQ)",35,"AIIMS, Madurai, AIIMS MADURAI, Tamil Nadu, 625008 | TN | All India Quota (AIQ)",35,"AIIMS, Madurai, AIIMS MADURAI, Tamil Nadu, 625008 | TN | All India Quota (AIQ)",35,2
C0049,,AIQ,General,N,,"Osmania Medical College Koti , HYDERABAD, Telangana, 500095 | Telangana | All India Quota (AIQ)",33,"Osmania Medical College Koti , HYDERABAD, Telangana, 500095 | Telangana | All India Quota (AIQ)",33,"Osmania Medical College Koti , HYDERABAD, Telangana, 500095 | Telangana | All India Quota (AIQ)",33,2
C0050,,AIQ,General,N,,"Osmania Medical College Koti , HYDERABAD, Telangana, 500095 | Telangana | All India Quota (AIQ)",33,"Osmania Medical College Koti , HYDERABAD, Telangana, 500095 | Telangana | All India Quota (AIQ)",33,"Osmania Medical College Koti , HYDERABAD, Telangana, 500095 | Telangana | All India Quota (AIQ)",33,2
C0051,,AIQ,General,N,,"Osmania Medical College Koti , HYDERABAD, Telangana, 500095 | Telangana | All India Quota (AIQ)",33,"Osmania Medical College Koti , HYDERABAD, Telangana, 500095 | Telangana | All India Quota (AIQ)",33,"Osmania Medical College Koti , HYDERABAD, Telangana, 500095 | Telangana | All India Quota (AIQ)",33,2
C0051,,Management,General,N,,"Osmania Medical College Koti , HYDERABAD, Telangana, 500095 | Telangana | All India Quota (AIQ)",33,"Osmania Medical College Koti , HYDERABAD, Telangana, 500095 | Telangana | All India Quota (AIQ)",33,"Osmania Medical College Koti , HYDERABAD, Telangana, 500095 | Telangana | All India Quota (AIQ)",33,2
C0052,,AIQ,General,N,,"Osmania Medical College Koti , HYDERABAD, Telangana, 500095 | Telangana | All India Quota (AIQ)",33,"Osmania Medical College Koti , HYDERABAD, Telangana, 500095 | Telangana | All India Quota (AIQ)",33,"Osmania Medical College Koti , HYDERABAD, Telangana, 500095 | Telangana | All India Quota (AIQ)",33,2
C0054,,AIQ,General,N,,"Osmania Medical College Koti , HYDERABAD, Telangana, 500095 | Telangana | All India Quota (AIQ)",33,"Osmania Medical College Koti , HYDERABAD, Telangana, 500095 | Telangana | All India Quota (AIQ)",33,"Osmania Medical College Koti , HYDERABAD, Telangana, 500095 | Telangana | All India Quota (AIQ)",33,2
C0056,,AIQ,General,N,,"Osmania Medical College Koti , HYDERABAD, Telangana, 500095 | Telangana | All India Quota (AIQ)",33,"Osmania Medical College Koti , HYDERABAD, Telangana, 500095 | Telangana | All India Quota (AIQ)",33,"Osmania Medical College Koti , HYDERABAD, Telangana, 500095 | Telangana | All India Quota (AIQ)",33,2
C0057,,AIQ,General,N,,"Osmania Medical College Koti , HYDERABAD, Telangana, 500095 | Telangana | All India Quota (AIQ)",33,"Osmania Medical College Koti , HYDERABAD, Telangana, 500095 | Telangana | All India Quota (AIQ)",33,"Osmania Medical College Koti , HYDERABAD, Telangana, 500095 | Telangana | All India Quota (AIQ)",33,2
C0058,,AIQ,General,N,,"AIIMS, Madurai, AIIMS MADURAI, Tamil Nadu, 625008 | TN | All India Quota (AIQ)",35,"AIIMS, Madurai, AIIMS MADURAI, Tamil Nadu, 625008 | TN | All India Quota (AIQ)",35,"AIIMS, Madurai, AIIMS MADURAI, Tamil Nadu, 625008 | TN | All India Quota (AIQ)",35,2
C0059,,AIQ,General,N,,"Osmania Medical College Koti , HYDERABAD, Telangana, 500095 | Telangana | All India Quota (AIQ)",33,"Osmania Medical College Koti , HYDERABAD, Telangana, 500095 | Telangana | All India Quota (AIQ)",33,"Osmania Medical College Koti , HYDERABAD, Telangana, 500095 | Telangana | All India Quota (AIQ)",33,2
C0060,,AIQ,General,N,,"Osmania Medical College Koti , HYDERABAD, Telangana, 500095 | Telangana | All India Quota (AIQ)",33,"Osmania Medical College Koti , HYDERABAD, Telangana, 500095 | Telangana | All India Quota (AIQ)",33,"Osmania Medical College Koti , HYDERABAD, Telangana, 500095 | Telangana | All India Quota (AIQ)",33,2
C0061,,AIQ,General,N,,"GMC Jangaon, gmc.jangaon@gmail.com, Telangana, 506167 | Telangana | All India Quota (AIQ)",35,"GMC Jangaon, gmc.jangaon@gmail.com, Telangana, 506167 | Telangana | All India Quota (AIQ)",35,"GMC Jangaon, gmc.jangaon@gmail.com, Telangana, 506167 | Telangana | All India Quota (AIQ)",35,2
C0062,,AIQ,General,N,,"AIIMS, Madurai, AIIMS MADURAI, Tamil Nadu, 625008 | TN | All India Quota (AIQ)",33,"AIIMS, Madurai, AIIMS MADURAI, Tamil Nadu, 625008 | TN | All India Quota (AIQ)",33,"AIIMS, Madurai, AIIMS MADURAI, Tamil Nadu, 625008 | TN | All India Quota (AIQ)",33,2
C0063,,Management,General,N,,"Osmania Medical College Koti , HYDERABAD, Telangana, 500095 | Telangana | All India Quota (AIQ)",31,"Osmania Medical College Koti , HYDERABAD, Telangana, 500095 | Telangana | All India Quota (AIQ)",31,"Osmania Medical College Koti , HYDERABAD, Telangana, 500095 | Telangana | All India Quota (AIQ)",31,2
C0063,,AIQ,General,N,,"AIIMS, Madurai, AIIMS MADURAI, Tamil Nadu, 625008 | TN | All India Quota (AIQ)",33,"AIIMS, Madurai, AIIMS MADURAI, Tamil Nadu, 625008 | TN | All India Quota (AIQ)",33,"AIIMS, Madurai, AIIMS MADURAI, Tamil Nadu, 625008 | TN | All India Quota (AIQ)",33,2
C0063,,Management,General,N,,"Osmania Medical College Koti , HYDERABAD, Telangana, 500095 | Telangana | All India Quota (AIQ)",31,"Osmania Medical College Koti , HYDERABAD, Telangana, 500095 | Telangana | All India Quota (AIQ)",31,"Osmania Medical College Koti , HYDERABAD, Telangana, 500095 | Telangana | All India Quota (AIQ)",31,2
C0064,,AIQ,General,N,,"AIIMS, Madurai, AIIMS MADURAI, Tamil Nadu, 625008 | TN | All India Quota (AIQ)",33,"AIIMS, Madurai, AIIMS MADURAI, Tamil Nadu, 625008 | TN | All India Quota (AIQ)",33,"AIIMS, Madurai, AIIMS MADURAI, Tamil Nadu, 625008 | TN | All India Quota (AIQ)",33,2
C0090,,Management,General,N,,"Osmania Medical College Koti , HYDERABAD, Telangana, 500095 | Telangana | All India Quota (AIQ)",33,"Osmania Medical College Koti , HYDERABAD, Telangana, 500095 | Telangana | All India Quota (AIQ)",33,"Osmania Medical College Koti , HYDERABAD, Telangana, 500095 | Telangana | All India Quota (AIQ)",33,2
C0096,,AIQ,OBC,N,,"AIIMS, Madurai, AIIMS MADURAI, Tamil Nadu, 625008 | TN | All India Quota (AIQ)",34,"AIIMS-Bhopal,, SAKET NAGAR BHOPAL, Madhya Pradesh, 462020 | MP | All India Quota (AIQ)",33,"AIIMS-Bhopal,, SAKET NAGAR BHOPAL, Madhya Pradesh, 462020 | MP | All India Quota (AIQ)",33,2
C0096,,AIQ,EWS,N,,"AIIMS, Madurai, AIIMS MADURAI, Tamil Nadu, 625008 | TN | All India Quota (AIQ)",36,"AIIMS-Bhopal,, SAKET NAGAR BHOPAL, Madhya Pradesh, 462020 | MP | All India Quota (AIQ)",33,"Osmania Medical College Koti , HYDERABAD, Telangana, 500095 | Telangana | All India Quota (AIQ)",32,2
C0096,,AIQ,General,N,,"Osmania Medical College Koti , HYDERABAD, Telangana, 500095 | Telangana | All India Quota (AIQ)",33,"Osmania Medical College Koti , HYDERABAD, Telangana, 500095 | Telangana | All India Quota (AIQ)",33,"Osmania Medical College Koti , HYDERABAD, Telangana, 500095 | Telangana | All India Quota (AIQ)",33,2
C0096,,AIQ,SC,N,,"AIIMS, Madurai, AIIMS MADURAI, Tamil Nadu, 625008 | TN | All India Quota (AIQ)",34,"AIIMS, Madurai, AIIMS MADURAI, Tamil Nadu, 625008 | TN | All India Quota (AIQ)",34,"AIIMS, Madurai, AIIMS MADURAI, Tamil Nadu, 625008 | TN | All India Quota (AIQ)",33,2
C0096,,AIQ,ST,N,,"AIIMS, Madurai, AIIMS MADURAI, Tamil Nadu, 625008 | TN | All India Quota (AIQ)",34,"AIIMS, Madurai, AIIMS MADURAI, Tamil Nadu, 625008 | TN | All India Quota (AIQ)",34,"AIIMS, Madurai, AIIMS MADURAI, Tamil Nadu, 625008 | TN | All India Quota (AIQ)",34,2
C0103,,AIQ,OBC,N,,"AIIMS, Madurai, AIIMS MADURAI, Tamil Nadu, 625008 | TN | All India Quota (AIQ)",34,"AIIMS-Bhopal,, SAKET NAGAR BHOPAL, Madhya Pradesh, 462020 | MP | All India Quota (AIQ)",33,"AIIMS-Bhopal,, SAKET NAGAR BHOPAL, Madhya Pradesh, 462020 | MP | All India Quota (AIQ)",33,2
C0103,,AIQ,EWS,N,,"AIIMS, Madurai, AIIMS MADURAI, Tamil Nadu, 625008 | TN | All India Quota (AIQ)",36,"AIIMS-Bhopal,, SAKET NAGAR BHOPAL, Madhya Pradesh, 462020 | MP | All India Quota (AIQ)",33,"Gmc, Bahraich, K.D.C Road Bahraich-271801, Uttar Pradesh, 271801 | UP | All India Quota (AIQ)",33,2
C0103,,AIQ,General,N,,"AIIMS, Madurai, AIIMS MADURAI, Tamil Nadu, 625008 | TN | All India Quota (AIQ)",33,"AIIMS, Madurai, AIIMS MADURAI, Tamil Nadu, 625008 | TN | All India Quota (AIQ)",33,"AIIMS, Madurai, AIIMS MADURAI, Tamil Nadu, 625008 | TN | All India Quota (AIQ)",33,2
C0103,,AIQ,SC,N,,"AIIMS, Madurai, AIIMS MADURAI, Tamil Nadu, 625008 | TN | All India Quota (AIQ)",34,"AIIMS, Madurai, AIIMS MADURAI, Tamil Nadu, 625008 | TN | All India Quota (AIQ)",34,"AIIMS, Madurai, AIIMS MADURAI, Tamil Nadu, 625008 | TN | All India Quota (AIQ)",33,2
C0103,,AIQ,ST,N,,"AIIMS, Madurai, AIIMS MADURAI, Tamil Nadu, 625008 | TN | All India Quota (AIQ)",34,"AIIMS, Madurai, AIIMS MADURAI, Tamil Nadu, 625008 | TN | All India Quota (AIQ)",34,"AIIMS, Madurai, AIIMS MADURAI, Tamil Nadu, 625008 | TN | All India Quota (AIQ)",34,2
C0122,,Central,OBC,N,,"Gmc, Bahraich, K.D.C Road Bahraich-271801, Uttar Pradesh, 271801 | UP | All India Quota (AIQ)",32,"GMC KARAULI, mandrayal road karauli, Rajasthan, 322241 | Rajasthan | All India Quota (AIQ)",31,"Gmc, Bahraich, K.D.C Road Bahraich-271801, Uttar Pradesh, 271801 | UP | All India Quota (AIQ)",30,2
C0122,,Central,EWS,N,,"AIIMS-Bhopal,, SAKET NAGAR BHOPAL, Madhya Pradesh, 462020 | MP | All India Quota (AIQ)",31,"AIIMS-Bhopal,, SAKET NAGAR BHOPAL, Madhya Pradesh, 462020 | MP | All India Quota (AIQ)",31,"AIIMS-Bhopal,, SAKET NAGAR BHOPAL, Madhya Pradesh, 462020 | MP | All India Quota (AIQ)",31,2
C0122,,Central,General,N,,"GMC Jangaon, gmc.jangaon@gmail.com, Telangana, 506167 | Telangana | All India Quota (AIQ)",33,"GMC Jangaon, gmc.jangaon@gmail.com, Telangana, 506167 | Telangana | All India Quota (AIQ)",33,"GMC Jangaon, gmc.jangaon@gmail.com, Telangana, 506167 | Telangana | All India Quota (AIQ)",33,2
C0122,,Central,SC,N,,"Gmc, Bahraich, K.D.C Road Bahraich-271801, Uttar Pradesh, 271801 | UP | All India Quota (AIQ)",32,"GMC Jangaon, gmc.jangaon@gmail.com, Telangana, 506167 | Telangana | All India Quota (AIQ)",31,"AIIMS, Madurai, AIIMS MADURAI, Tamil Nadu, 625008 | TN | All India Quota (AIQ)",31,2
C0122,,Central,ST,N,,"AIIMS-Bhopal,, SAKET NAGAR BHOPAL, Madhya Pradesh, 462020 | MP | All India Quota (AIQ)",33,"Gmc, Bahraich, K.D.C Road Bahraich-271801, Uttar Pradesh, 271801 | UP | All India Quota (AIQ)",32,"Gmc, Bahraich, K.D.C Road Bahraich-271801, Uttar Pradesh, 271801 | UP | All India Quota (AIQ)",32,2
C0131,,AIQ,OBC,N,,"AIIMS, Madurai, AIIMS MADURAI, Tamil Nadu, 625008 | TN | All India Quota (AIQ)",32,"AIIMS-Bhopal,, SAKET NAGAR BHOPAL, Madhya Pradesh, 462020 | MP | All India Quota (AIQ)",32,"AIIMS-Bhopal,, SAKET NAGAR BHOPAL, Madhya Pradesh, 462020 | MP | All India Quota (AIQ)",32,2
C0131,,AIQ,EWS,N,,"AIIMS, Madurai, AIIMS MADURAI, Tamil Nadu, 625008 | TN | All India Quota (AIQ)",34,"Gmc, Bahraich, K.D.C Road Bahraich-271801, Uttar Pradesh, 271801 | UP | All India Quota (AIQ)",33,"AIIMS, Patna, Phulwarisharif, Patna, Bihar-801507, Bihar, 801507 | Bihar | All India Quota (AIQ)",33,2
C0131,,AIQ,General,N,,"GMC Jangaon, gmc.jangaon@gmail.com, Telangana, 506167 | Telangana | All India Quota (AIQ)",33,"GMC Jangaon, gmc.jangaon@gmail.com, Telangana, 506167 | Telangana | All India Quota (AIQ)",33,"GMC Jangaon, gmc.jangaon@gmail.com, Telangana, 506167 | Telangana | All India Quota (AIQ)",33,2
C0131,,AIQ,SC,N,,"AIIMS, Madurai, AIIMS MADURAI, Tamil Nadu, 625008 | TN | All India Quota (AIQ)",33,"AIIMS, Madurai, AIIMS MADURAI, Tamil Nadu, 625008 | TN | All India Quota (AIQ)",33,"Gmc, Bahraich, K.D.C Road Bahraich-271801, Uttar Pradesh, 271801 | UP | All India Quota (AIQ)",32,2
C0131,,AIQ,ST,N,,"AIIMS, Madurai, AIIMS MADURAI, Tamil Nadu, 625008 | TN | All India Quota (AIQ)",33,"AIIMS, Madurai, AIIMS MADURAI, Tamil Nadu, 625008 | TN | All India Quota (AIQ)",33,"AIIMS, Madurai, AIIMS MADURAI, Tamil Nadu, 625008 | TN | All India Quota (AIQ)",33,2
C0142,,Management,General,N,,"GMC Jangaon, gmc.jangaon@gmail.com, Telangana, 506167 | Telangana | All India Quota (AIQ)",31,"GMC Jangaon, gmc.jangaon@gmail.com, Telangana, 506167 | Telangana | All India Quota (AIQ)",31,"GMC Jangaon, gmc.jangaon@gmail.com, Telangana, 506167 | Telangana | All India Quota (AIQ)",31,2
C0230,,Management,General,N,,"Osmania Medical College Koti , HYDERABAD, Telangana, 500095 | Telangana | All India Quota (AIQ)",31,"Osmania Medical College Koti , HYDERABAD, Telangana, 500095 | Telangana | All India Quota (AIQ)",31,"Osmania Medical College Koti , HYDERABAD, Telangana, 500095 | Telangana | All India Quota (AIQ)",31,2
C0284,,AIQ,OBC,N,,"AIIMS, Madurai, AIIMS MADURAI, Tamil Nadu, 625008 | TN | All India Quota (AIQ)",34,"AIIMS-Bhopal,, SAKET NAGAR BHOPAL, Madhya Pradesh, 462020 | MP | All India Quota (AIQ)",33,"AIIMS-Bhopal,, SAKET NAGAR BHOPAL, Madhya Pradesh, 462020 | MP | All India Quota (AIQ)",33,2
C0284,,AIQ,EWS,N,,"AIIMS, Madurai, AIIMS MADURAI, Tamil Nadu, 625008 | TN | All India Quota (AIQ)",36,"AIIMS-Bhopal,, SAKET NAGAR BHOPAL, Madhya Pradesh, 462020 | MP | All India Quota (AIQ)",33,"Gmc, Bahraich, K.D.C Road Bahraich-271801, Uttar Pradesh, 271801 | UP | All India Quota (AIQ)",33,2
C0284,,AIQ,General,N,,"AIIMS, Madurai, AIIMS MADURAI, Tamil Nadu, 625008 | TN | All India Quota (AIQ)",33,"AIIMS, Madurai, AIIMS MADURAI, Tamil Nadu, 625008 | TN | All India Quota (AIQ)",33,"AIIMS, Madurai, AIIMS MADURAI, Tamil Nadu, 625008 | TN | All India Quota (AIQ)",33,2
C0284,,AIQ,SC,N,,"AIIMS, Madurai, AIIMS MADURAI, Tamil Nadu, 625008 | TN | All India Quota (AIQ)",34,"AIIMS, Madurai, AIIMS MADURAI, Tamil Nadu, 625008 | TN | All India Quota (AIQ)",34,"AIIMS, Madurai, AIIMS MADURAI, Tamil Nadu, 625008 | TN | All India Quota (AIQ)",33,2
C0284,,AIQ,ST,N,,"AIIMS, Madurai, AIIMS MADURAI, Tamil Nadu, 625008 | TN | All India Quota (AIQ)",34,"AIIMS, Madurai, AIIMS MADURAI, Tamil Nadu, 625008 | TN | All India Quota (AIQ)",34,"AIIMS, Madurai, AIIMS MADURAI, Tamil Nadu, 625008 | TN | All India Quota (AIQ)",34,2
C0307,,AIQ,EWS,N,,"AIIMS, Madurai, AIIMS MADURAI, Tamil Nadu, 625008 | TN | All India Quota (AIQ)",36,"AIIMS-Bhopal,, SAKET NAGAR BHOPAL, Madhya Pradesh, 462020 | MP | All India Quota (AIQ)",33,"AIIMS, Patna, Phulwarisharif, Patna, Bihar-801507, Bihar, 801507 | Bihar | All India Quota (AIQ)",33,2
C0332,,AIQ,EWS,N,,"AIIMS, Madurai, AIIMS MADURAI, Tamil Nadu, 625008 | TN | All India Quota (AIQ)",34,"AIIMS-Bhopal,, SAKET NAGAR BHOPAL, Madhya Pradesh, 462020 | MP | All India Quota (AIQ)",33,"GMC KARAULI, mandrayal road karauli, Rajasthan, 322241 | Rajasthan | All India Quota (AIQ)",32,2
C0363,,AIQ,EWS,N,,"AIIMS, Madurai, AIIMS MADURAI, Tamil Nadu, 625008 | TN | All India Quota (AIQ)",34,"GMC Jangaon, gmc.jangaon@gmail.com, Telangana, 506167 | Telangana | All India Quota (AIQ)",32,"AIIMS-Bhopal,, SAKET NAGAR BHOPAL, Madhya Pradesh, 462020 | MP | All India Quota (AIQ)",31,2
C0464,,AIQ,EWS,N,,"AIIMS, Madurai, AIIMS MADURAI, Tamil Nadu, 625008 | TN | All India Quota (AIQ)",34,"AIIMS-Bhopal,, SAKET NAGAR BHOPAL, Madhya Pradesh, 462020 | MP | All India Quota (AIQ)",33,"GMC Jangaon, gmc.jangaon@gmail.com, Telangana, 506167 | Telangana | All India Quota (AIQ)",32,2
C0469,,AIQ,EWS,N,,"AIIMS, Madurai, AIIMS MADURAI, Tamil Nadu, 625008 | TN | All India Quota (AIQ)",34,"AIIMS-Bhopal,, SAKET NAGAR BHOPAL, Madhya Pradesh, 462020 | MP | All India Quota (AIQ)",33,"GMC Jangaon, gmc.jangaon@gmail.com, Telangana, 506167 | Telangana | All India Quota (AIQ)",32,2